id,predicted_positions
0,"[3, 7, 11, 16, 20]"
1,"[2, 8, 11, 16, 24]"
2,"[2, 6, 11, 15, 21, 25, 31, 35, 40]"
3,"[5, 10, 16, 22, 27, 32]"
4,"[3, 7, 12, 16, 20]"
5,"[6, 9, 14, 18, 22, 27]"
6,"[3, 8, 14, 20, 25, 30]"
7,"[2, 6, 11, 18, 22, 26, 32, 36]"
8,"[6, 11, 15, 19, 24, 28]"
9,"[3, 7, 11, 15, 20, 23]"
10,"[2, 6, 14, 18, 24]"
11,"[5, 10, 16, 20, 26, 30, 34]"
12,"[6, 12, 16, 22, 26]"
13,"[3, 7, 12, 17, 22]"
14,"[2, 7, 12, 19, 23, 28, 34]"
15,"[2, 6, 12, 16, 20, 26, 33, 37]"
16,"[3, 8, 13, 16]"
17,"[2, 7, 14, 19, 26, 31, 36]"
18,"[5, 10, 13, 17, 23, 29, 34]"
19,"[3, 7, 10, 15]"
20,"[2, 6, 10, 17, 22, 27, 33]"
21,"[2, 6, 14, 19, 24, 28]"
22,"[3, 9, 14, 18, 23]"
23,"[2, 7, 12, 17, 22]"
24,"[5, 10, 16, 20, 23, 28]"
25,"[3, 7, 13, 22, 25]"
26,"[2, 8, 13, 17, 24, 30]"
27,"[6, 10, 14, 20, 24, 29, 32]"
28,"[3, 9, 15, 18, 23, 28, 33, 39, 43]"
29,"[2, 8, 14, 18, 23, 26, 30]"
30,"[5, 10, 13, 19, 25]"
31,"[3, 8, 13, 17, 22, 27]"
32,"[2, 6, 11, 15, 20, 24, 29]"
33,"[2, 6, 11, 15, 20, 23, 30, 35, 39]"
34,"[3, 7, 12, 18, 21, 26, 30, 34]"
35,"[2, 7, 12, 17, 22]"
36,"[5, 9, 13, 18, 22, 28, 33, 38]"
37,"[3, 7, 12, 15]"
38,"[2, 7, 12, 19, 23, 30]"
39,"[2, 6, 14, 19, 22, 27, 32]"
40,"[3, 8, 14, 20, 23, 27]"
41,"[2, 6, 14, 19, 24, 29, 33]"
42,"[5, 9, 15, 22]"
43,"[3, 7, 12, 17, 21, 25]"
44,"[2, 7, 12, 15, 20, 24]"
45,"[2, 6, 11, 15, 20, 25, 30, 35]"
46,"[3, 8, 12, 15, 20, 25, 29]"
47,"[2, 7, 12, 16, 22, 26, 29, 33]"
48,"[5, 10, 14, 19]"
49,"[3, 9, 14, 18, 22, 25]"
50,"[2, 7, 12, 17, 22]"
51,"[6, 10, 14, 22]"
52,"[3, 8, 14, 18, 21]"
53,"[2, 7, 14, 19, 25, 28]"
54,"[5, 10, 14, 21]"
55,"[3, 7, 11, 16, 20, 25]"
56,"[2, 7, 11, 16, 20, 24, 29, 35]"
57,"[2, 6, 11, 16, 21]"
58,"[3, 9, 15, 18, 23, 28, 33, 36]"
59,"[2, 6, 11, 16, 22, 31, 35]"
60,"[5, 9, 13, 18, 22]"
61,"[3, 8, 14, 19, 24, 29]"
62,"[2, 8, 13, 18, 22, 32, 36]"
63,"[2, 6, 11, 15, 20, 25, 30]"
64,"[3, 7, 12, 18, 21, 26, 30]"
65,"[2, 7, 12, 16, 20]"
66,"[5, 10, 16, 21, 26, 31, 35, 41]"
67,"[3, 8, 14, 20, 25]"
68,"[2, 7, 12, 19, 23, 27]"
69,"[2, 6, 14, 18, 22, 28]"
70,"[3, 7, 11, 16, 20, 24]"
71,"[2, 7, 12, 15, 19, 24, 29]"
72,"[5, 10, 13, 18]"
73,"[3, 8, 13, 17, 21]"
74,"[2, 6, 14, 19, 23, 33, 37]"
75,"[2, 6, 12, 15, 20, 25]"
76,"[3, 8, 13, 17, 22, 27]"
77,"[2, 6, 11, 15, 21]"
78,"[5, 10, 16, 21]"
79,"[3, 8, 12, 18, 22, 28, 32, 36]"
80,"[2, 8, 13, 17, 22, 27]"
81,"[6, 12, 16, 21]"
82,"[3, 7, 13, 22, 25, 28]"
83,"[2, 7, 12, 17, 21, 27, 31, 36]"
84,"[5, 10, 13, 18]"
85,"[3, 8, 13, 18, 22, 26]"
86,"[2, 6, 10, 15, 19, 23, 28, 33]"
87,"[2, 6, 11, 15, 21, 26]"
88,"[3, 8, 14, 20, 24, 28]"
89,"[2, 7, 14, 19, 26, 32, 37]"
90,"[5, 10, 16]"
91,"[3, 8, 13, 16]"
92,"[2, 6, 11, 16, 21, 26, 32]"
93,"[2, 6, 11, 15, 21, 25, 30]"
94,"[3, 8, 13, 17, 22]"
95,"[2, 7, 12, 17, 22, 25]"
96,"[5, 10, 16, 20, 26, 30, 36]"
97,"[2, 7, 12, 17, 21, 26]"
98,"[3, 8, 13, 18, 23]"
99,"[4, 8, 13, 16, 17, 22, 29, 30, 31, 36, 42]"
100,"[2, 6, 11, 15, 21, 26, 32, 37, 40, 41]"
101,"[5, 10, 16, 17, 19, 22, 27, 31, 32]"
102,"[3, 8, 12, 17, 21, 25, 30, 31, 38, 41]"
103,"[2, 7, 17, 22, 26, 32, 36, 37, 44, 49]"
104,"[2, 6, 14, 17, 18, 24, 28, 32]"
105,"[3, 7, 10, 15, 20, 25, 31, 32]"
106,"[2, 7, 12, 16, 20, 25, 33, 37, 38, 43, 46, 51]"
107,"[5, 9, 13, 18, 22, 27, 32, 35, 36, 42, 46]"
108,"[3, 8, 12, 15, 16, 21, 24, 34]"
109,"[2, 6, 11, 16, 21, 26, 30, 31]"
110,"[2, 7, 13, 16, 22, 26, 27, 30]"
111,"[3, 8, 16, 22, 26, 31, 32, 35, 39, 43]"
112,"[2, 7, 12, 16, 20, 24, 25]"
113,"[5, 10, 15, 19, 23, 28, 29, 35, 40]"
114,"[3, 9, 14, 19, 27, 28]"
115,"[2, 6, 11, 17, 25, 33, 34, 40]"
116,"[2, 6, 11, 16, 21, 27, 31, 32, 37, 42]"
117,"[3, 8, 14, 19, 23, 28, 31, 36, 37, 44]"
118,"[2, 7, 12, 19, 23, 28, 34, 37, 38, 40]"
119,"[5, 10, 16, 22, 25, 26, 32, 36, 40]"
120,"[3, 8, 14, 19, 22, 26, 27, 32]"
121,"[2, 7, 13, 17, 22, 26, 32, 33, 38]"
122,"[2, 6, 11, 15, 20, 26, 30, 31]"
123,"[3, 7, 12, 15, 16, 20, 21, 25, 31]"
124,"[2, 7, 11, 15, 20, 25, 28, 32, 33]"
125,"[5, 9, 14, 18, 22, 26, 31, 32, 39]"
126,"[3, 7, 12, 17, 22, 34, 35, 37, 42]"
127,"[2, 6, 11, 16, 20, 25, 31]"
128,"[2, 7, 14, 19, 26, 29, 30]"
129,"[3, 8, 14, 20, 25, 29, 32, 33]"
130,"[2, 7, 13, 18, 22, 26, 30, 31, 38]"
131,"[5, 10, 15, 20, 23, 26, 27, 33, 37, 40]"
132,"[3, 8, 13, 17, 20, 26, 30, 31, 38]"
133,"[2, 6, 11, 16, 21, 25, 30]"
134,"[2, 7, 12, 13, 15, 20, 23]"
135,"[3, 8, 13, 17, 22, 28, 29, 35]"
136,"[2, 7, 13, 16, 22, 27, 32]"
137,"[5, 9, 13, 18, 23, 26, 27, 33]"
138,"[3, 7, 12, 16, 21, 22, 31]"
139,"[2, 6, 11, 19, 20, 26, 31]"
140,"[2, 6, 12, 15, 16, 21, 26, 31]"
141,"[3, 7, 11, 15, 20, 21, 28, 31, 32]"
142,"[2, 6, 11, 18, 23, 28]"
143,"[5, 10, 15, 19, 22, 27, 28, 31, 35, 38]"
144,"[3, 8, 14, 18, 21, 22, 23, 24]"
145,"[2, 7, 12, 18, 19, 26, 31, 35, 38]"
146,"[2, 6, 11, 16, 21, 26, 27, 31, 36]"
147,"[3, 8, 13, 19, 24, 29, 30, 37]"
148,"[2, 6, 15, 21, 26]"
149,"[5, 9, 13, 18, 24, 29]"
150,"[3, 8, 13, 17, 25, 34, 35]"
151,"[2, 7, 12, 16, 17, 20]"
152,"[2, 6, 12, 18, 19, 24, 31]"
153,"[3, 9, 14, 18, 23, 32]"
154,"[2, 7, 11, 12, 18, 23]"
155,"[5, 9, 14, 19, 20, 27]"
156,"[3, 8, 13, 18, 24, 28]"
157,"[2, 7, 12, 17, 23]"
158,"[2, 6, 10, 15, 16, 18, 24]"
159,"[3, 7, 15, 19, 20, 23, 30]"
160,"[2, 7, 13, 19, 26]"
161,"[5, 9, 14, 19, 25]"
162,"[3, 8, 13, 16, 17, 22, 27]"
163,"[2, 6, 11, 16, 21, 26]"
164,"[2, 6, 11, 16, 19, 26, 29, 30, 33]"
165,"[3, 8, 12, 18, 24, 27]"
166,"[2, 7, 10, 11, 17, 20, 26]"
167,"[5, 11, 16, 20, 26]"
168,"[3, 8, 14, 17, 21, 22]"
169,"[2, 6, 9, 14, 19, 20, 29]"
170,"[2, 7, 12, 13, 19, 24, 30]"
171,"[3, 9, 13, 18, 23]"
172,"[2, 7, 10, 19, 23, 28]"
173,"[5, 9, 13, 18, 24, 28]"
174,"[3, 8, 12, 17, 22, 28]"
175,"[2, 7, 11, 17, 18, 25]"
176,"[2, 6, 11, 15, 20, 21, 27, 31, 36]"
177,"[2, 7, 13, 19, 20, 25, 30, 36]"
178,"[5, 10, 15, 19]"
179,"[3, 9, 13, 17, 22]"
180,"[2, 6, 11, 16, 19, 20, 26]"
181,"[2, 6, 11, 15, 20, 21, 27, 32]"
182,"[3, 7, 13, 18, 23, 26]"
183,"[2, 7, 11, 15, 18, 19, 28, 33, 37]"
184,"[5, 11, 15, 19, 23]"
185,"[3, 8, 13, 17, 21, 25]"
186,"[2, 7, 12, 16, 23]"
187,"[2, 7, 12, 19, 24, 28]"
188,"[3, 8, 13, 18, 23]"
189,"[2, 6, 11, 18, 19, 23, 29]"
190,"[5, 11, 16, 19]"
191,"[3, 8, 13, 17, 22, 25, 26]"
192,"[2, 8, 15, 21, 22]"
193,"[2, 6, 11, 12, 19, 22, 27]"
194,"[3, 8, 13, 17, 24, 29]"
195,"[2, 7, 11, 15, 20, 24, 28, 33]"
196,"[5, 10, 14, 18, 19, 25]"
197,"[3, 8, 13, 19, 24, 25, 32]"
198,"[2, 7, 12, 19, 23, 28]"
199,"[2, 6, 11, 14, 15, 18, 23]"
200,"[3, 8, 12, 17]"
201,"[2, 7, 11, 16, 21]"
202,"[5, 12, 17, 21, 25]"
203,"[3, 8, 12, 16, 17, 22]"
204,"[2, 7, 12, 17]"
205,"[2, 6, 11, 15, 21, 26]"
206,"[3, 7, 12, 17, 21, 25, 29]"
207,"[2, 8, 13, 20, 21]"
208,"[5, 10, 15, 16]"
209,"[3, 9, 15, 19, 24]"
210,"[2, 7, 14, 19, 27]"
211,"[2, 7, 14, 18, 19]"
212,"[3, 7, 12, 17, 22]"
213,"[2, 6, 10, 15, 19, 23, 28]"
214,"[5, 11, 15, 21, 26]"
215,"[3, 8, 13, 19, 23, 27]"
216,"[2, 6, 13, 14, 24, 29]"
217,"[2, 6, 10, 15, 16, 21, 26]"
218,"[3, 8, 13, 16, 21]"
219,"[2, 6, 11, 19, 20]"
220,"[5, 10, 15, 20]"
221,"[3, 8, 13, 16, 22, 23]"
222,"[2, 6, 14, 18, 26]"
223,"[3, 7, 12, 17, 20, 23, 24, 26, 29]"
224,"[2, 7, 10, 14, 18, 22, 27]"
225,"[5, 10, 14, 15]"
226,"[3, 8, 13, 17, 21]"
227,"[2, 6, 13, 19, 25]"
228,"[2, 6, 11, 16, 17, 22, 29]"
229,"[3, 7, 11, 16, 21, 25]"
230,"[2, 7, 12, 18, 25]"
231,"[5, 10, 16, 19, 24, 25]"
232,"[2, 7, 11, 12, 18, 23]"
233,"[2, 6, 11, 15, 21, 26]"
234,"[3, 7, 13, 18, 23]"
235,"[2, 6, 11, 17, 22]"
236,"[5, 10, 15, 23]"
237,"[3, 9, 14, 18, 24, 28]"
238,"[2, 6, 12, 18]"
239,"[2, 6, 11, 17, 21]"
240,"[3, 7, 14, 21]"
241,"[2, 6, 11, 17, 23, 27, 31]"
242,"[5, 10, 16, 22, 26]"
243,"[3, 9, 14, 17, 22]"
244,"[2, 7, 12, 17]"
245,"[2, 6, 11, 16, 17]"
246,"[3, 7, 11, 16, 20]"
247,"[2, 6, 11, 15, 20, 23, 30]"
248,"[2, 7, 12, 16, 21, 27]"
249,"[5, 9, 15, 18, 24, 28]"
250,"[3, 8, 14, 20, 24, 28]"
251,"[4, 10, 14, 18, 24, 28]"
252,"[6, 10, 15, 20]"
253,"[3, 7, 12, 18, 21, 26]"
254,"[2, 6, 11, 15, 20]"
255,"[3, 8, 13, 17, 22]"
256,"[2, 7, 12, 16, 21, 26]"
257,"[2, 6, 14, 19, 24, 27]"
258,"[3, 8, 14, 18, 22, 26]"
259,"[2, 7, 12, 17]"
260,"[5, 10, 13, 19, 25, 30, 35]"
261,"[3, 8, 14, 20, 23]"
262,"[2, 6, 11, 16, 21]"
263,"[2, 6, 12, 15, 19]"
264,"[3, 7, 11, 15, 20, 25]"
265,"[2, 6, 14, 18, 26]"
266,"[5, 10, 16, 21]"
267,"[3, 8, 13, 18, 22, 26]"
268,"[2, 6, 11, 16, 22]"
269,"[2, 6, 10, 14, 19, 24]"
270,"[3, 7, 12, 17, 21, 25]"
271,"[2, 7, 12, 17, 21]"
272,"[5, 9, 13, 18, 22]"
273,"[3, 8, 12, 18, 22, 28, 31]"
274,"[2, 7, 11, 16, 20, 24, 29]"
275,"[2, 6, 10, 15, 20, 26]"
276,"[3, 7, 11, 16]"
277,"[2, 7, 12, 17, 21]"
278,"[3, 8, 12, 15, 20, 24, 28]"
279,"[2, 7, 12, 19, 23, 28]"
280,"[2, 6, 11, 15, 20, 25, 31]"
281,"[3, 8, 13, 16, 20, 25]"
282,"[2, 7, 12, 17, 22]"
283,"[5, 10, 16, 19, 24, 28, 34]"
284,"[3, 8, 14, 20, 25]"
285,"[2, 7, 12, 16, 24]"
286,"[2, 6, 14, 19, 22, 26, 31]"
287,"[3, 7, 11, 16, 20, 24, 27]"
288,"[2, 7, 12, 19, 24, 29]"
289,"[5, 9, 15, 20, 25]"
290,"[3, 7, 12, 16, 21, 26]"
291,"[2, 7, 14, 19, 24]"
292,"[2, 6, 11, 16, 21]"
293,"[2, 7, 12, 17, 22, 27]"
294,"[5, 10, 16, 20, 24]"
295,"[3, 8, 14, 18]"
296,"[2, 7, 12, 17]"
297,"[2, 6, 12, 15, 18, 25]"
298,"[3, 7, 11, 15, 20, 25]"
299,"[2, 7, 12, 17, 21, 31, 35]"
300,"[5, 10, 14, 17, 23, 27]"
301,"[3, 9, 15, 20, 23]"
302,"[2, 6, 11, 17, 21, 26]"
303,"[2, 6, 11, 15, 21, 29]"
304,"[3, 8, 13, 17, 21]"
305,"[2, 6, 10, 17, 22, 27]"
306,"[5, 10, 13, 18, 22]"
307,"[3, 8, 14, 20, 23, 26]"
308,"[2, 7, 12, 19, 23, 31, 37]"
309,"[2, 6, 11, 16]"
310,"[3, 7, 13, 18, 23]"
311,"[2, 7, 12, 18, 23]"
312,"[5, 9, 13, 18, 23]"
313,"[3, 8, 13, 18, 22, 25, 30]"
314,"[2, 7, 12, 18, 24]"
315,"[2, 6, 11, 16, 21, 26, 31]"
316,"[3, 8, 13, 17, 22, 26]"
317,"[2, 6, 11, 16, 20, 24]"
318,"[5, 9, 14, 18, 22, 28]"
319,"[3, 7, 11, 16]"
320,"[2, 6, 14, 18, 23, 28]"
321,"[3, 7, 12, 18, 21, 26]"
322,"[2, 7, 12, 16, 21, 26]"
323,"[5, 10, 15, 19]"
324,"[2, 7, 12, 16, 20, 26]"
325,"[2, 6, 11, 16, 21]"
326,"[3, 8, 12, 18, 22, 28]"
327,"[2, 7, 12, 16, 21]"
328,"[5, 10, 15, 20, 23]"
329,"[3, 7, 11, 15, 20, 24]"
330,"[2, 6, 11, 16, 22, 27]"
331,"[2, 7, 12, 19, 23, 27, 32]"
332,"[5, 9, 12, 17, 23, 27]"
333,"[3, 8, 12, 15, 20, 24, 29]"
334,"[2, 7, 12, 16, 22, 25]"
335,"[3, 8, 14, 20, 25, 28]"
336,"[2, 7, 12, 18]"
337,"[4, 8, 13, 17]"
338,[4]
339,"[2, 7, 12, 16, 21, 27, 34, 39]"
340,"[11, 16, 21, 25, 26, 31, 36, 40]"
341,"[5, 11, 16]"
342,"[9, 12, 16]"
343,"[5, 8, 13, 16, 20, 26]"
344,"[6, 10, 14, 22, 26, 32]"
345,"[7, 12, 16, 20, 27, 28, 31, 37, 41]"
346,"[5, 10, 13, 18, 21, 25, 31]"
347,"[4, 8, 12, 17, 20, 25, 30, 35]"
348,"[2, 6, 11, 15, 20, 24, 30]"
349,"[4, 8, 14, 23, 26, 31, 37]"
350,"[8, 12, 19, 24, 28, 34]"
351,"[2, 7, 12, 15, 20, 25, 30, 31, 36]"
352,"[4, 9, 14, 20, 24, 29]"
353,"[2, 7, 12, 19, 24, 29, 35]"
354,"[4, 8, 14, 19, 24]"
355,"[5, 10, 14, 17, 20, 25, 29, 33, 37, 42]"
356,"[2, 7, 11, 18]"
357,"[2, 6, 11, 16, 21]"
358,"[2, 8, 11, 14, 20, 26, 30, 38]"
359,"[4, 8, 13, 17, 22]"
360,"[3, 7, 13, 17, 22, 26, 31]"
361,"[4, 10, 15, 18, 23, 27, 31, 36]"
362,"[2, 8, 11, 16, 20, 26, 31]"
363,"[3, 7, 11, 15, 20, 24, 28]"
364,"[3, 7, 12, 16, 22, 26, 31]"
365,"[2, 7, 14, 19, 26, 31, 35, 40]"
366,"[5, 12, 16, 22]"
367,"[4, 8, 13, 18, 21]"
368,"[2, 6, 14, 18, 23, 27, 32, 37]"
369,"[6, 11, 16, 22, 27]"
370,"[2, 7, 12, 15, 19, 24, 31, 36]"
371,"[5, 9, 15, 20, 26, 30, 35]"
372,"[2, 6, 11, 14, 18]"
373,"[8, 13, 18, 22, 25, 30, 35]"
374,"[3, 8, 13, 17, 22, 27]"
375,"[2, 6, 10, 16, 23, 29]"
376,"[6, 10, 14, 19, 23, 27, 31]"
377,"[6, 10, 15, 21, 25, 26, 30]"
378,"[2, 7, 12, 16, 22, 27]"
379,"[3, 8, 14, 18]"
380,"[5, 10, 16, 19, 24, 28]"
381,"[1, 8, 12]"
382,"[6, 11, 16, 20]"
383,"[2, 6, 14, 19, 24, 28]"
384,"[4, 10, 15, 18, 22, 26]"
385,"[7, 12, 17, 22, 27, 30, 31, 34, 40]"
386,"[2, 6, 11, 16, 24]"
387,"[2, 7, 10, 17, 23, 26, 30, 33]"
388,"[6, 11, 16, 20]"
389,"[4, 9, 14, 19, 25, 30]"
390,"[2, 7, 12, 19, 23, 29]"
391,"[2, 6, 11, 15, 20, 25, 31]"
392,"[8, 13, 18]"
393,"[4, 8, 13, 16, 20]"
394,"[3, 8, 14, 19]"
395,"[6, 15, 21, 26, 32]"
396,"[4, 8, 13, 16, 21]"
397,"[6, 10, 15, 21]"
398,"[5, 11, 16, 21, 26]"
399,"[3, 8, 13, 18, 23, 27]"
400,"[4, 8, 11, 16, 21, 26]"
401,"[4, 9, 14, 19, 25]"
402,"[6, 11, 16, 21]"
403,"[4, 8, 13, 18]"
404,"[1, 5, 8, 13, 19, 23, 24, 27, 33, 37]"
405,"[2, 6, 10, 15, 19, 23, 29]"
406,"[6, 10, 15, 20, 25]"
407,"[7, 12, 18, 19, 24]"
408,"[3, 8, 13, 18, 22]"
409,"[6, 11, 16, 20]"
410,"[2, 6, 10, 15, 20]"
411,"[3, 7, 12, 17]"
412,"[5, 10, 16, 22]"
413,"[8, 12, 19, 24, 29]"
414,"[4, 9, 14, 19, 24, 29, 33, 37]"
415,"[6, 12, 16, 22, 26, 31]"
416,"[2, 7, 12, 17, 21, 25]"
417,"[5, 9, 14, 20, 28]"
418,"[2, 7, 13, 18, 23]"
419,"[7, 11, 15]"
420,"[4, 10, 15, 18, 22, 26]"
421,"[2, 6, 11, 15, 20, 26, 30]"
422,"[2, 7, 10, 14, 18, 23]"
423,"[4, 9, 15, 20]"
424,"[2, 7, 12, 20, 25, 32]"
425,"[3, 7, 12, 17, 22, 28]"
426,"[2, 6, 11, 15, 19, 25]"
427,"[6, 11, 16, 21, 28]"
428,"[3, 8, 13, 18, 23]"
429,"[2, 7, 12, 15, 16]"
430,"[3, 8, 12, 15, 21, 24, 29, 33, 37]"
431,"[4, 9, 16, 20, 24, 25, 29, 32]"
432,"[3, 10, 14, 17, 23, 29, 35, 39]"
433,"[9, 14, 19, 23, 27, 30]"
434,"[5, 9, 10, 15, 21, 27, 31, 36, 41]"
435,"[5, 10, 15, 20, 24, 29]"
436,"[2, 8, 14, 20, 26, 29, 30, 34, 38, 42, 46, 51]"
437,"[3, 7, 11, 14, 18, 22, 23, 28, 33, 38, 42]"
438,"[3, 7, 12, 16, 20, 25, 26, 32, 38, 43, 47, 53]"
439,"[4, 8, 13, 16, 17, 21, 27, 30, 36]"
440,"[4, 7, 11, 16, 17, 20, 24, 29, 32, 37]"
441,"[6, 10, 15, 16, 21, 25, 31, 36]"
442,"[4, 9, 14, 15, 18, 21, 26, 30, 35]"
443,"[2, 9, 14, 19, 25]"
444,"[2, 8, 12, 17, 23, 27]"
445,"[2, 6, 10, 14, 18, 22, 25, 30]"
446,"[2, 8, 12, 13, 15, 21]"
447,"[10, 14, 18, 23, 27, 32, 38]"
448,"[4, 9, 13, 17, 22, 26, 31, 35]"
449,"[7, 12, 16]"
450,"[5, 10, 15, 19, 24]"
451,"[4, 8, 12, 18, 22, 25]"
452,"[4, 8, 12, 17, 22, 25, 30]"
453,"[2, 5, 10, 14, 17, 18, 21, 26, 30]"
454,"[3, 9, 14, 20]"
455,"[4, 10, 15]"
456,"[2, 7, 10, 14, 19, 23]"
457,"[2, 8, 13, 18, 21, 22, 25, 30, 35]"
458,"[9, 15, 21, 27, 31, 35]"
459,"[4, 8, 13, 17, 22, 26, 29, 34]"
460,"[5, 10, 15, 20, 26, 30, 33, 38]"
461,"[6, 12]"
462,"[4, 9, 13, 17, 20, 24, 27]"
463,"[4, 7, 8, 17, 22]"
464,"[6, 10, 15]"
465,"[1, 6, 11, 15, 20]"
466,"[4, 11, 19, 23]"
467,"[6, 11, 16, 21, 25, 30, 31, 34, 37, 42]"
468,"[6, 10, 15, 20, 26, 30, 35, 41]"
469,"[4, 8, 15, 20, 25, 30, 35]"
470,"[5, 8, 13, 18, 23, 27, 32, 39, 44, 48, 53]"
471,"[3, 6, 12, 13, 15, 19, 23, 27]"
472,"[4, 10, 15, 19]"
473,"[2, 8, 12, 17, 23, 28]"
474,"[1, 5, 9, 15, 20, 25, 34]"
475,"[3, 7, 12, 19, 24]"
476,"[3, 8, 14, 18, 22, 27, 31, 32]"
477,"[2, 7, 12, 16, 19, 24, 29, 33, 37, 42]"
478,"[6, 11, 15, 23, 28, 31]"
479,"[6, 11, 16, 20, 25]"
480,"[2, 7, 12, 16, 21, 26, 31]"
481,"[1, 7, 11, 12, 13, 18, 22, 26, 30]"
482,"[5, 9, 12, 19, 25, 29, 32]"
483,"[2, 6, 11, 16]"
484,"[1, 5, 10, 18]"
485,"[5, 9, 14, 17, 22, 23, 26, 33, 36]"
486,"[3, 4, 7, 10, 13, 17, 26, 31, 37, 43, 49]"
487,"[4, 9, 13, 18, 24, 25, 28, 33, 38, 42, 46, 49, 56]"
488,"[3, 4, 6, 12, 17, 22, 27, 30, 34, 37, 42, 47, 53]"
489,"[4, 9, 15, 19, 24, 28, 33, 34, 36, 39, 45, 48]"
490,"[2, 5, 10, 15, 19, 24, 28, 33, 37, 43]"
491,"[2, 6, 12, 16, 21, 25, 30, 34, 40]"
492,"[3, 8, 11, 16, 20, 26, 27, 30, 36, 42]"
493,"[3, 4, 11, 12, 19, 25]"
494,"[5, 10, 14, 15, 18, 19, 24, 27]"
495,"[3, 9, 17, 20, 25, 26, 29, 34, 38, 44]"
496,"[4, 9, 13, 14, 17, 22, 26, 27, 30, 35, 39, 40, 41]"
497,"[6, 10, 14, 17, 22, 27, 31, 37]"
498,"[6, 10, 17, 22, 23, 29, 35, 39]"
499,"[5, 9, 14, 17, 18, 23, 24, 25]"
500,"[5, 10, 14, 15, 18, 22, 25, 26, 31, 32, 33]"
501,"[5, 10, 14, 15, 18, 22, 29, 32, 36, 40, 41, 43, 49]"
502,"[1, 7, 12, 18, 24, 29, 33, 39, 43, 46]"
503,"[4, 5, 12, 18, 19, 26, 31, 34, 35, 36]"
504,"[10, 14, 19]"
505,"[3, 6, 12, 18, 23]"
506,"[3, 9, 14, 20, 23]"
507,"[2, 7, 12, 16, 20, 24]"
508,"[6, 11, 14, 19, 23, 29]"
509,"[6, 10, 14, 19, 23, 28, 32]"
510,"[6, 10, 15, 19, 23, 27, 33]"
511,"[3, 8, 13, 17]"
512,"[10, 14, 18, 22, 27]"
513,"[2, 7, 12, 16, 20, 25, 30]"
514,"[4, 8, 13, 18, 23]"
515,"[6, 11, 14, 18, 22, 25, 32]"
516,"[6, 11, 16, 22]"
517,"[6, 10, 14, 20, 24, 29]"
518,"[6, 9, 13, 18, 24]"
519,"[6, 11, 14, 19, 25, 30, 34]"
520,"[6, 10, 15, 20, 26]"
521,"[6, 10, 13, 18, 22, 27, 30]"
522,"[5, 8, 12, 15, 20, 24, 29, 32]"
523,"[1, 7, 13, 16, 20, 27, 31, 34, 38, 42]"
524,"[6, 10, 13, 17, 23, 29, 32, 38]"
525,"[1, 7, 13, 14, 16, 21, 22, 27, 30, 35, 39]"
526,"[2, 7, 8, 13, 18, 22, 23, 28, 32, 36]"
527,"[2, 3, 9, 13, 17, 21, 25]"
528,"[6, 10, 15, 19, 24, 28]"
529,"[3, 7, 14, 20, 23, 27, 31, 35, 38]"
530,"[6, 12, 16, 22, 23, 29, 35, 39]"
531,"[5, 6, 11, 12, 18, 24, 30, 33, 39, 43]"
532,"[4, 5, 8, 13, 16, 17, 23, 27, 30, 35, 38]"
533,"[4, 8, 13, 17, 21, 26, 27, 29, 35, 40, 44]"
534,"[1, 2, 3, 9, 13, 16, 20, 24]"
535,"[1, 2, 3, 8, 13, 16, 22]"
536,"[6, 10, 13, 17, 23, 29, 32, 38]"
537,"[1, 7, 13, 14, 16, 21, 22, 28, 32, 35, 39, 43]"
538,"[6, 10, 13, 18, 22, 26, 27, 29, 33, 34, 36, 40, 41, 43, 47, 48, 49]"
539,"[7, 14]"
540,"[6, 10]"
541,"[3, 9, 14, 17]"
542,"[3, 8, 14, 17, 20]"
543,"[8, 13]"
544,"[2, 8, 12, 16]"
545,"[2, 7, 12, 16]"
546,"[2, 10, 15]"
547,"[10, 15, 21, 25]"
548,"[10, 15, 21, 25]"
549,"[4, 9, 13]"
550,"[6, 13]"
551,"[2, 8, 12, 17]"
552,"[2, 8, 13, 17]"
553,"[2, 6, 11, 15]"
554,"[3, 9, 16]"
555,"[2, 7, 11, 17, 21, 25, 29, 35, 40, 44, 48, 52, 56]"
556,"[2, 7, 11, 16, 19, 24, 27, 34, 38, 45, 48]"
557,"[2, 8, 13, 18, 23, 28, 33, 38, 39, 41, 46]"
558,"[5, 11, 12, 14, 18, 23, 28, 34, 39, 45, 48]"
559,"[2, 8, 14, 17, 22, 28, 32, 37, 41, 46, 50]"
560,"[6, 10, 15, 20, 24, 28, 32, 38, 46, 50, 54, 59, 62]"
561,"[2, 8, 13, 18, 23, 28, 33, 39, 43, 48, 53]"
562,"[3, 4, 10, 13, 14, 23, 28, 32, 37, 42, 46]"
563,"[3, 9, 14, 19, 25, 32, 38, 43, 49]"
564,"[3, 9, 14, 19, 25, 29, 34, 38, 42, 47, 51]"
565,"[2, 7, 12, 18, 23, 27, 34, 39, 44, 48]"
566,"[2, 7, 12, 18, 22, 27, 31, 37, 44]"
567,"[7, 12, 16, 20, 25, 31, 35, 40, 45]"
568,"[4, 8, 12, 17, 21, 22, 25, 30, 36, 40, 44]"
569,"[4, 8, 12, 17, 21, 25, 29, 33, 38, 44, 49, 55, 56]"
570,"[6, 12, 16, 21, 26, 30, 33, 37]"
571,"[6, 10, 15, 20, 23, 28, 33, 38, 43, 47, 51]"
572,"[6, 10, 15, 16, 19, 24, 28, 33, 39]"
573,"[2, 6, 13, 16, 17, 20, 25, 31, 35, 40, 44]"
574,"[4, 8, 12, 17, 21, 22, 27, 37, 41, 44]"
575,"[5, 9, 13, 18, 21, 27, 32, 36, 40, 46, 51, 56, 60]"
576,"[3, 7, 14, 19, 25, 29, 34, 39]"
577,"[3, 8, 13, 14, 17, 23, 27, 32, 37, 41]"
578,"[3, 8, 11, 16, 17, 23, 27, 32, 36, 41]"
579,"[7, 12, 18, 25, 30, 35, 39, 43, 47]"
580,"[4, 8, 12, 17, 21, 22, 25, 30, 36, 40, 44]"
581,"[5, 11, 15, 18, 23, 28]"
582,"[5, 10, 17, 23, 26]"
583,"[8, 13, 17, 20, 24, 28]"
584,"[5, 9, 14, 17]"
585,"[2, 7, 11, 16, 19, 22, 28, 31, 37]"
586,"[2, 8, 12, 16, 17, 21, 25]"
587,"[2, 5, 9, 13, 18, 21, 26, 32]"
588,"[3, 7, 12, 15]"
589,[6]
590,"[2, 7, 11, 15, 19]"
591,"[9, 14]"
592,"[3, 4, 6, 10, 14]"
593,"[4, 8]"
594,"[3, 8, 13]"
595,"[8, 12, 17]"
596,"[4, 10]"
597,"[5, 10, 16, 17, 22, 26, 29]"
598,"[9, 13, 18, 22, 27]"
599,"[1, 2, 9, 10, 14, 19]"
600,"[4, 8, 14, 18]"
601,"[5, 13, 17, 20, 24]"
602,"[7, 11, 17, 22, 25]"
603,"[3, 9, 15, 18, 23, 28, 31]"
604,"[3, 7, 12, 16]"
605,"[5, 11, 15]"
606,"[5, 11, 15, 16, 17]"
607,"[3, 7, 13, 17, 23, 30, 35, 41, 42, 47]"
608,"[5, 9, 13, 16, 21, 26, 29, 30, 33, 39, 45, 50]"
609,"[3, 9, 15, 20]"
610,"[3, 7, 12, 17, 21, 26, 32, 36]"
611,"[2, 6, 12, 16, 20, 26, 31]"
612,"[1, 2, 5, 10, 15, 19, 23, 27, 34, 39, 43, 46]"
613,"[3, 8, 13, 17, 22, 27, 31, 35, 41, 47, 50]"
614,"[6, 11, 17, 20]"
615,"[1, 6, 14, 17, 22, 25]"
616,"[2, 8, 12, 17, 21]"
617,[2]
618,"[6, 11, 17]"
619,"[3, 8, 13, 21, 27, 31]"
620,"[2, 6, 10, 18, 23]"
621,[2]
622,"[1, 2, 7, 8, 10, 15, 21, 25]"
623,"[1, 2, 7, 8, 10, 15, 21, 26, 33]"
624,"[3, 9, 14, 20, 26, 30, 31, 32, 33, 34]"
625,"[5, 11, 16, 19, 23]"
626,"[4, 7, 8, 16, 20, 25, 29]"
627,"[5, 9, 13, 14, 17, 21, 27, 31, 36, 40]"
628,"[3, 8, 12, 13, 18]"
629,"[7, 12]"
630,[5]
631,"[6, 11, 17, 20]"
632,"[3, 8, 14, 19, 23, 28]"
633,"[5, 10, 16, 21]"
634,[]
635,"[2, 7, 11, 15, 19]"
636,[2]
637,"[3, 7, 11]"
638,"[3, 8, 13, 18, 22, 25]"
639,"[2, 7, 11, 17, 22, 27]"
640,"[3, 7, 11, 16, 22, 26, 30, 34]"
641,"[5, 10, 15, 18, 19, 20, 23, 26, 30, 35]"
642,"[4, 8, 14, 18, 24, 30]"
643,"[1, 5, 10, 14, 18, 24, 29, 34, 38]"
644,"[3, 9, 13, 17]"
645,"[3, 7, 12, 16, 20, 25, 29, 30, 33, 37, 42, 46, 50, 54]"
646,"[3, 7, 12, 16, 20, 24, 29, 30, 33, 40, 44, 49]"
647,"[5, 11, 14, 19, 23, 28, 29, 33, 37]"
648,"[3, 10, 14, 15, 18, 23, 24, 26, 30, 35, 40, 44, 50]"
649,"[1, 5, 9, 15, 18, 24, 25, 26, 30, 34, 37, 41, 45]"
650,"[5, 11, 16, 23, 24, 29, 35, 40, 45, 50]"
651,"[2, 6, 11, 16, 21, 26, 30, 31, 34, 41, 45, 50, 54]"
652,"[3, 10, 13, 18, 22, 27, 34, 35, 37, 42, 48]"
653,"[1, 7, 12, 16, 19, 23, 24, 26, 30, 33, 37, 41, 44]"
654,"[6, 11, 16, 23, 26, 32, 37, 41, 44, 48, 52]"
655,"[2, 6, 10, 15, 20, 23, 28, 32, 38, 41, 46, 52, 56, 59, 64]"
656,"[3, 9, 14, 18, 22, 23, 26, 31, 35, 41]"
657,"[3, 9, 15, 20, 24, 28, 29, 32, 39, 44, 48, 53]"
658,"[4, 8, 14, 18, 24, 25, 29, 33, 39, 43, 48]"
659,"[2, 7, 11, 12, 18, 22, 26, 31, 35, 41, 48, 52, 57]"
660,"[3, 7, 11, 17, 21, 22, 24, 29, 34, 39, 44, 50]"
661,"[3, 8, 11, 15, 16, 18, 23, 27, 31]"
662,"[5, 8, 13, 19, 23, 27, 33]"
663,"[5, 10, 15, 20, 25, 31, 36, 41, 45]"
664,"[4, 8, 12, 17, 21, 26, 31, 38, 43, 48, 53]"
665,"[3, 9, 14, 19, 24, 29]"
666,"[3, 8, 12, 17, 23, 27, 32, 38]"
667,"[4, 10, 15, 19, 24, 28, 31, 32, 35, 36, 39]"
668,"[2, 7, 11, 15, 19, 26]"
669,"[2, 7, 11, 16, 21]"
670,"[2, 9, 14, 20, 24, 29, 34, 38, 46, 51, 57]"
671,"[7, 11, 15, 19, 23, 28, 33, 38, 43, 48, 52, 56]"
672,"[4, 10, 15, 20, 24, 29, 34, 37, 42, 48, 53, 60]"
673,"[6, 11, 16, 21, 27, 30, 34, 41, 45, 49, 53, 57, 62, 68]"
674,"[4, 10, 14, 20, 21, 24, 28, 33, 38, 43]"
675,"[5, 8, 14, 19, 25, 29, 36, 40, 44]"
676,"[6, 11, 17, 20, 21, 24, 28, 32, 36, 41, 46, 51, 54]"
677,"[6, 11, 16, 19, 24, 29, 34, 38, 45, 50, 56]"
678,"[3, 9, 14, 18, 19, 22, 25, 29, 30, 34, 41, 47, 52]"
679,"[4, 11, 16, 19, 22, 26, 30, 37, 41, 46, 50, 56]"
680,"[4, 8, 12]"
681,"[2, 9, 14, 20, 24, 29, 34, 38, 46, 51, 57]"
682,"[4, 9, 15, 19, 25, 28, 33, 39, 43, 46, 50]"
683,"[5, 10, 14, 20, 24, 25, 29, 35, 39, 43, 48, 52, 58]"
684,"[5, 9, 12, 16, 17, 22, 27, 32, 33, 36, 40, 45]"
685,[4]
686,"[5, 10, 13, 18, 22, 28, 32, 37]"
687,"[4, 8, 13, 16, 21, 22, 28, 33]"
688,"[2, 6, 9, 13, 19, 24, 28, 33]"
689,"[2, 8, 13, 20, 25, 30]"
690,"[3, 7, 12, 16, 17, 20]"
691,"[5, 9, 13]"
692,"[6, 10, 13, 17, 21, 25]"
693,"[3, 7, 8]"
694,"[2, 7, 11, 14, 20, 27, 33]"
695,"[9, 14, 19]"
696,"[2, 7, 8, 12, 17, 20, 25]"
697,"[2, 8, 12, 17]"
698,"[1, 4, 8, 12, 17, 23, 28, 32]"
699,"[4, 8, 14, 20]"
700,"[4, 10, 15, 19]"
701,"[3, 7, 12, 16]"
702,"[2, 7, 12, 16, 20, 24, 28, 35]"
703,"[2, 7, 11, 17, 23, 28, 32, 36]"
704,"[3, 7, 11, 17, 20, 21, 23, 26, 30, 35, 39]"
705,"[6, 11, 17, 21, 22, 25, 29, 34, 38, 43]"
706,"[1, 4, 9, 13, 17, 21, 24, 29, 34]"
707,"[3, 7, 11, 16, 19, 24, 27]"
708,"[3, 7, 11, 15, 19, 23]"
709,"[6, 7, 12]"
710,"[5, 10, 15, 19]"
711,"[8, 14, 17, 22]"
712,"[6, 12, 16, 22, 26]"
713,"[3, 12, 17, 23, 27, 33]"
714,"[3, 8, 13, 17, 22, 28, 33]"
715,"[3, 8, 13, 19, 27, 35]"
716,"[5, 10, 14, 17, 22, 27, 30, 36, 42, 47, 50]"
717,"[1, 2, 9, 10, 17, 22]"
718,[5]
719,"[3, 9, 10, 16, 20]"
720,"[1, 7, 12, 17, 21, 24]"
721,"[6, 10, 16, 20]"
722,"[2, 8, 12, 17]"
723,"[3, 9, 13, 18]"
724,"[2, 7, 13, 18]"
725,"[3, 8, 13, 18]"
726,"[7, 12, 16]"
727,"[6, 11, 15, 20, 25, 29]"
728,"[8, 13, 17, 21, 26, 31, 35, 40]"
729,"[3, 7, 12, 18, 19, 20, 23, 29, 32, 37, 41, 42]"
730,"[6, 11, 15, 20, 25, 31, 35, 40]"
731,"[2, 7, 12, 17, 22, 25, 30, 35, 41]"
732,"[3, 8, 9, 15, 19, 24, 30, 33]"
733,"[7, 12, 17, 22, 25, 30, 35]"
734,"[1, 2, 10, 11, 15, 21]"
735,"[5, 9, 14, 18, 22, 28, 33, 38, 41, 48]"
736,"[3, 8, 13, 19, 24, 28, 33]"
737,"[5, 12, 19, 24, 27]"
738,"[3, 7, 11, 16, 22, 27, 32, 40]"
739,"[4, 10, 15, 20, 24, 30]"
740,"[6, 9, 14, 18, 21, 27, 31, 36, 42]"
741,"[6, 10, 15, 18, 23, 29, 34, 39, 44]"
742,"[2, 6, 11, 15, 16, 21, 26, 30, 34, 39]"
743,"[5, 6, 11, 16, 20, 24, 29, 34, 40, 45, 49]"
744,"[3, 8, 12, 15, 19, 20, 23, 29, 34, 40, 44, 49, 54]"
745,"[2, 7, 12, 13, 16, 20, 25]"
746,"[7, 11, 17, 23, 27, 32, 36, 40, 41, 44, 48, 54, 55, 56]"
747,"[2, 7, 12, 16, 20, 29]"
748,"[4, 7, 12, 17, 21, 25, 31, 34, 39, 42]"
749,"[4, 8, 13, 17, 22, 28, 33, 37, 41]"
750,"[2, 6, 10, 15, 19, 25, 26, 28, 32, 36, 41, 45, 51, 55, 59]"
751,"[4, 8, 12, 17, 23, 28, 29, 31, 36, 42, 46]"
752,"[1, 5, 10, 16, 21, 27, 28, 31, 32, 34, 38, 43]"
753,"[5, 6, 11, 16, 19, 23, 28, 33, 39, 44]"
754,"[2, 7, 11, 16, 20, 21, 23, 28, 33, 40, 45, 49, 52, 56, 59, 63]"
755,"[2, 8, 13, 18, 19, 25, 28]"
756,"[2, 6, 12, 16, 22, 28, 32, 37, 40, 47, 51]"
757,"[1, 5, 9, 13, 17, 20, 25, 29, 34, 35, 38, 43, 48, 52, 56, 60, 64, 68]"
758,"[5, 6, 11, 12, 15, 20, 25, 29, 33, 34, 37, 41, 47]"
759,"[3, 9, 14, 19, 23, 28, 29, 33, 34, 35, 38, 43, 44, 47, 52, 57, 62, 66]"
760,"[7, 11, 15, 16, 17, 21, 25, 29, 33, 36, 40, 45]"
761,"[2, 8, 13, 17, 22, 27, 32, 33, 35, 40, 45, 50]"
762,"[2, 7, 12, 17, 23, 26, 30, 33, 34, 37, 42, 47, 51, 55, 59, 63, 67]"
763,"[2, 8, 13, 17, 20, 23]"
764,"[2, 8, 14, 19, 20, 22, 27, 32, 36]"
765,"[1, 8, 11, 14, 18, 22, 25]"
766,"[9, 10, 13, 14, 16, 23, 28, 31, 35]"
767,"[6, 11, 15, 19, 20, 26, 30, 34, 38, 42, 46, 49]"
768,"[2, 3, 5, 6, 9, 16, 20, 23, 24, 26, 30, 34, 38, 42, 46, 49, 50, 54, 58, 59, 62]"
769,"[5, 10, 15, 20, 25, 29, 30, 32, 37, 42, 48, 53, 58, 62, 67, 70]"
770,"[2, 6, 12, 16, 21, 25, 31, 36, 37, 38, 43, 49, 55, 60, 67]"
771,"[2, 5, 10, 13, 16, 21, 25, 31, 35, 39, 42, 47, 52, 56, 62, 66, 69, 70, 73, 76]"
772,"[1, 6, 10, 16, 20, 23, 24, 27, 30]"
773,"[2, 8, 14, 19, 20, 22, 27, 32]"
774,"[1, 8, 11, 14, 19, 22]"
775,"[5, 9, 15, 19, 23, 26, 32, 38]"
776,"[2, 6, 11, 16, 19, 23, 28, 29, 32, 37, 40]"
777,"[3, 8, 13, 18, 19, 25, 30, 34]"
778,"[5, 9, 13, 18, 25, 26, 29]"
779,"[3, 9, 13, 17, 21, 26, 33, 34, 37, 40]"
780,"[3, 9, 13, 14, 16, 22, 28, 32, 36, 40]"
781,"[2, 7, 12, 16, 21, 25, 30, 36, 41, 47, 53, 54, 56]"
782,"[3, 9, 13, 14, 15, 16, 17, 23, 24, 28, 32, 36, 37, 38, 43, 48, 49]"
783,"[2, 6, 11, 17, 22, 29]"
784,"[3, 4, 5, 11, 12, 13, 18, 19, 20, 25, 30, 33, 34, 42, 47, 51]"
785,"[3, 10, 11, 18, 19, 22, 26, 31, 37, 42, 47, 51, 52, 58, 65, 70, 75]"
786,"[1, 6, 12, 17, 21, 25, 30, 36, 42, 48, 52]"
787,"[5, 6, 9, 15, 19, 20, 27, 28, 30, 35, 40, 44]"
788,"[4, 10, 11, 13, 17, 22, 28, 31, 35, 39, 45, 49]"
789,"[3, 6, 9, 10, 17, 18, 24, 29, 34, 38, 44, 50]"
790,"[3, 8, 12, 17, 21, 22, 26, 31]"
791,"[6, 11, 16]"
792,"[3, 8, 9, 13, 17, 21, 26, 30, 34, 37, 40, 41, 44, 48]"
793,"[6, 7, 10, 15]"
794,"[3, 4, 7, 12, 17, 21, 25, 31, 37, 43]"
795,"[7, 12, 15, 16, 18, 22, 28, 32, 37, 38, 41, 46]"
796,"[6, 9, 14, 19, 23, 24, 25, 27, 30, 31, 34, 39, 43, 47, 50, 54, 55]"
797,"[1, 6, 7, 10, 15, 20, 23, 24, 30, 33, 38, 43, 48, 53]"
798,"[2, 7, 13, 19, 20, 26, 31, 36, 42]"
799,"[2, 8, 13, 17, 22, 25, 28, 35, 39, 42, 48, 51, 57, 58]"
800,"[3, 6, 11, 16, 23, 28, 33, 38]"
801,"[6, 12, 13, 20, 21, 22, 25, 32, 41, 46, 50]"
802,"[2, 5, 9, 14, 17, 18, 21, 26, 31, 36, 40, 45]"
803,"[4, 10, 11, 17, 18, 19, 25, 29, 34, 35]"
804,"[2, 7, 12, 17, 21, 25, 31, 34, 35, 38, 43, 47, 52]"
805,"[3, 9, 13, 17, 20, 21, 25, 30, 36, 41, 45, 48, 53]"
806,"[3, 6, 9, 14, 20, 21, 23, 28, 31, 35, 39, 43, 47, 51, 56, 59]"
807,"[3, 7, 12, 17, 22, 27, 31, 32, 38, 42, 47, 48]"
808,"[2, 6, 11, 15, 20, 21, 24, 30, 34, 38, 42, 46, 49]"
809,"[3, 4, 7, 13, 18, 23, 28, 33, 37, 38, 41, 46, 49]"
810,"[6, 7, 12, 13, 17, 24, 27, 31, 36]"
811,"[2, 7, 11, 12, 14, 19, 25, 31, 35, 38, 39, 44, 47, 48]"
812,"[4, 9, 12, 16, 17, 23, 29, 34, 38, 42]"
813,"[4, 9, 14, 18, 21, 22, 24, 29, 36, 39, 44, 48]"
814,"[9, 14, 19, 22, 23, 28, 32, 36, 40]"
815,"[3, 8, 9, 18, 24, 27, 30]"
816,"[4, 8, 13, 17, 21, 22, 28, 34, 41, 44]"
817,"[6, 7, 15, 20, 25, 30, 35, 39, 43]"
818,"[2, 8, 13, 18, 23, 29, 33, 37, 43, 47]"
819,"[6, 10, 14, 20, 23, 28, 32, 36, 42, 45]"
820,"[3, 8, 13, 17, 18, 28, 31, 37]"
821,"[3, 8, 13, 17, 23, 24, 27, 31, 35, 40, 44, 48, 54, 57]"
822,"[3, 11, 16, 20, 25, 31, 35, 38, 42, 45]"
823,"[4, 10, 15, 18, 19, 24, 30, 35, 40, 44, 47]"
824,"[2, 6, 10, 14, 18, 23, 29, 33, 38, 41, 45, 51]"
825,"[3, 7, 8, 10, 15, 21, 26, 30, 34, 39, 46, 50]"
826,"[3, 7, 11, 12, 16, 20, 24, 29, 30, 33, 38, 44]"
827,"[6, 11, 16, 21, 26, 31, 36, 41, 46]"
828,"[3, 7, 12, 18, 24, 29, 30, 33, 38, 43, 48]"
829,"[2, 8, 15, 20, 24, 28, 33, 38, 44]"
830,"[2, 3, 11, 17, 21, 25, 32, 35, 36, 45]"
831,"[2, 6, 11, 17, 26, 33]"
832,"[2, 5, 10, 15, 20, 25, 26, 31, 35, 40, 46]"
833,"[7, 10, 14, 18, 25, 28, 29, 34, 35]"
834,"[2, 7, 11, 15, 19, 25, 30, 35, 40, 44]"
835,"[3, 7, 13, 19, 25, 30, 34, 40]"
836,"[1, 6, 12, 17, 22, 23, 26, 30, 34, 37, 41, 46]"
837,"[3, 8, 11, 16, 19, 24, 28, 29, 32, 37, 40, 45, 49, 54, 57]"
838,"[5, 6, 9, 13, 18, 21, 25, 29, 33, 38]"
839,"[2, 8, 9, 12, 18, 19, 22, 28, 31, 36, 40]"
840,"[4, 8, 12, 15, 21, 27, 30, 35, 40, 47, 52]"
841,"[2, 3, 6, 14, 18, 23, 26, 31, 36, 39, 43]"
842,"[2, 7, 13, 17, 21, 22, 25, 29, 35, 40, 43]"
843,"[4, 8, 14, 15, 19, 23, 24, 27, 31, 34, 37, 38, 39, 40]"
844,"[2, 6, 9, 16, 21, 25]"
845,"[2, 6, 7, 11, 15, 22, 27, 32, 35]"
846,"[2, 11, 15, 20, 23, 28]"
847,"[2, 7, 11, 17, 22, 25]"
848,"[1, 6, 12, 17, 22, 23, 26, 30, 31, 36, 40]"
849,"[3, 7, 10, 17, 22, 28, 33, 37, 42, 46]"
850,"[3, 9, 13, 19, 22, 23, 25, 31, 36, 41, 45]"
851,"[4, 11, 16, 21, 25, 28, 29, 31, 36]"
852,"[5, 10, 14, 19, 23, 28, 33, 38, 42]"
853,"[2, 7, 11, 14, 19, 24, 29, 34, 39, 43, 48]"
854,"[2, 8, 9, 12, 18, 19, 22, 28, 31, 36, 40]"
855,"[5, 12, 17, 23, 24, 26, 30, 36, 40, 45]"
856,"[2, 7, 13, 19, 24, 27, 32, 37, 43, 47]"
857,"[3, 7, 12, 16, 22, 26, 31, 37, 41, 46, 50, 55, 59, 62]"
858,"[2, 8, 11, 14, 20, 25, 30, 35, 40, 45, 50, 55]"
859,"[4, 8, 11, 17, 18, 21, 26, 27, 29, 33, 36, 40, 45, 48, 53, 56]"
860,"[2, 6, 11, 16, 19, 24, 27, 28, 30, 34, 37, 41, 46, 49, 54, 57]"
861,"[9, 16, 20, 21, 25, 30, 36, 37, 44, 47]"
862,"[4, 9, 15, 16, 23, 26]"
863,"[4, 9, 15, 16, 23, 26]"
864,"[3, 9, 14, 19, 22, 23, 28, 32, 37, 43]"
865,"[3, 8, 13, 17, 21, 27, 31, 32, 36, 41, 46, 47, 49, 53]"
866,"[3, 8, 14, 18, 23, 26, 31, 37, 43, 46, 52, 55]"
867,"[3, 9, 15, 20, 25, 30, 33, 39, 43, 48, 53]"
868,"[2, 8, 14, 20, 25, 29, 34, 39, 42, 47]"
869,"[6, 10, 15, 20, 24, 28, 31, 36, 40, 46, 50, 54]"
870,"[3, 10, 15, 18, 25, 29, 33, 37, 42, 46, 51, 56, 59]"
871,"[1, 7, 12, 16, 20, 25, 30, 31, 35, 39, 40, 48, 49, 51, 55, 56]"
872,"[1, 4, 8, 13, 17, 22]"
873,"[1, 4, 8, 13, 17, 22, 27]"
874,"[3, 9, 12, 17, 22]"
875,"[6, 9, 14, 18, 22]"
876,"[2, 6, 11, 14, 19, 24]"
877,"[2, 5, 9, 14]"
878,"[3, 7, 13, 18]"
879,"[6, 10, 15]"
880,"[2, 5, 9, 14, 19, 24]"
881,"[5, 10, 14]"
882,"[6, 11, 16, 20, 26]"
883,"[6, 11, 16]"
884,"[2, 6, 11]"
885,"[3, 7, 11, 17, 22]"
886,"[3, 7, 12, 17, 20]"
887,"[6, 11, 16, 19]"
888,"[1, 5, 10, 14, 19, 25]"
889,"[2, 7, 13, 18]"
890,"[2, 7, 13, 16, 21]"
891,"[4, 8, 11, 15, 19, 24, 29]"
892,"[2, 5, 10, 13, 18, 24, 28]"
893,"[6, 10, 13]"
894,"[5, 10, 16]"
895,"[6, 11, 16, 21]"
896,"[3, 8, 12, 16]"
897,"[4, 9, 12, 16, 20, 25]"
898,"[6, 10, 13, 14, 16, 21]"
899,"[3, 8, 13, 17, 22]"
900,"[3, 7, 11, 16, 20]"
901,"[3, 7, 11, 16, 21]"
902,"[3, 8, 13, 17]"
903,"[5, 10, 16, 21, 29]"
904,"[2, 7, 12, 17, 22, 27]"
905,"[4, 10, 15, 20, 25, 30, 34, 39]"
906,"[7, 12, 16, 22, 26, 31]"
907,"[3, 9, 14, 18, 24, 29, 33]"
908,"[6, 10, 14, 19, 22, 27, 32, 37, 41, 45, 48, 53]"
909,"[6, 11, 16, 21, 25, 30, 33, 39]"
910,"[3, 9, 12, 19, 23, 27, 31, 37]"
911,"[6, 10, 15, 22]"
912,"[2, 7, 13, 17, 23, 29, 33, 38, 45, 49]"
913,"[2, 8, 14, 19, 23, 27, 32, 35, 40, 45, 51]"
914,"[6, 11, 17, 24, 29, 32]"
915,"[5, 11, 16, 20, 26, 29, 34, 39, 44]"
916,"[5, 9, 15, 19, 24, 29, 34, 38, 42, 45, 50]"
917,"[4, 10, 16, 22, 28, 32]"
918,"[3, 8, 13, 18, 23, 29, 32, 38]"
919,"[3, 7, 13, 18, 23, 28, 33, 37, 42]"
920,"[6, 11, 17, 21, 25, 30, 35]"
921,"[3, 9, 13, 18, 23, 29, 33, 38]"
922,"[3, 8, 13, 16, 21, 26, 31, 36, 41, 46, 51]"
923,"[3, 8, 13, 18, 23, 28]"
924,"[4, 9, 14, 18, 19, 25, 30, 33]"
925,"[5, 10, 15, 19, 25, 30, 35, 39]"
926,"[4, 9, 14, 18, 19, 23, 28, 33, 36, 37]"
927,"[3, 7, 12, 17, 18, 20, 25, 31, 34]"
928,"[3, 9, 14, 19, 20, 23, 28, 31, 36, 40]"
929,"[7, 11, 16, 21, 25, 29, 32, 37]"
930,"[6, 10, 15, 20, 25, 31, 36, 39]"
931,"[6, 11, 17, 21, 24, 29, 34, 37]"
932,"[3, 8, 11, 16, 21, 26, 29, 32, 36, 40, 45, 49]"
933,"[3, 10, 15, 19, 23, 28, 33, 38, 42]"
934,"[2, 7, 12, 17, 21, 22, 24, 30, 34, 39, 42]"
935,"[7, 11, 17, 21, 26, 30, 34, 37]"
936,"[3, 9, 10, 14, 19, 20, 25, 31, 35, 39]"
937,"[4, 5, 9, 14, 17, 18, 21, 26, 32]"
938,"[3, 7, 14, 21, 25, 30, 35, 39]"
939,"[3, 8, 14, 22, 26, 31, 36, 41]"
940,"[5, 10, 15, 16, 18, 23, 27, 31]"
941,"[10, 15, 19, 24]"
942,"[5, 10, 14, 18, 19, 22, 27, 32]"
943,"[6, 10, 14, 18, 19, 23, 30, 34, 38]"
944,"[4, 8, 13, 18, 24, 29, 33]"
945,"[9, 14, 17, 18, 21, 26, 36, 39, 44]"
946,"[6, 10, 15, 16, 19, 24, 28]"
947,"[3, 8, 12, 19, 24, 28, 29, 32, 37, 41]"
948,"[5, 10, 14, 19, 24, 28, 31, 32, 37, 42, 46]"
949,"[4, 9, 14, 18, 23, 29, 32]"
950,"[4, 9, 14, 18, 23, 29, 32]"
951,"[5, 10, 14, 19, 23, 24, 29, 34, 38, 43, 47]"
952,"[1, 7, 12, 18, 23, 24, 27, 32, 36]"
953,"[6, 11, 15, 20, 24]"
954,"[2, 8, 13, 17, 22, 27, 32, 38, 43, 48, 51]"
955,"[2, 8, 12, 19, 24, 29, 34]"
956,"[6, 13, 18, 23, 28]"
957,"[3, 7, 12, 16, 21, 25, 31, 37, 41, 46, 50, 55, 58]"
958,"[4, 9, 15, 16, 20, 25, 30]"
959,"[5, 10, 16, 20, 26, 30, 35, 38]"
960,"[2, 6, 11, 16, 21, 25, 29]"
961,"[4, 8, 12, 17, 22, 27]"
962,"[2, 7, 12, 16, 20, 25, 29, 34]"
963,"[2, 7, 12, 16, 20, 25, 29, 33]"
964,"[6, 12, 13, 22, 27, 31]"
965,"[6, 12, 16, 20, 25, 30, 31, 35, 38]"
966,"[6, 12, 13, 22, 27, 31]"
967,"[5, 12, 13, 22, 27, 31]"
968,"[2, 7, 11, 17, 23, 24, 27, 31, 37, 42, 45, 49]"
969,"[2, 7, 11, 17, 23, 24, 27, 31, 36, 42, 48]"
970,"[4, 9, 14, 17, 21, 22, 25, 30, 35, 40]"
971,"[2, 6, 13, 19, 25, 30, 34, 39, 43, 46, 51, 56]"
972,"[5, 10, 14, 19, 23, 27, 34, 38, 43]"
973,"[10, 14, 20, 21, 24, 32, 35, 36, 42, 43]"
974,"[2, 8, 13, 17, 21, 22, 26, 31, 36, 40, 44, 48]"
975,"[2, 8, 13, 17, 21, 22, 26, 29, 34, 37, 42, 48, 52, 56]"
976,"[1, 6, 10, 15, 20, 25, 31, 35, 40, 44]"
977,"[3, 9, 15, 19, 24, 29, 33]"
978,"[1, 5, 9, 14, 20, 25, 30, 35, 40]"
979,"[1, 6, 10, 13, 19, 23, 28, 33]"
980,"[2, 8, 13, 21, 26, 31, 35, 39]"
981,"[2, 7, 11, 15, 19, 25, 26, 30, 33]"
982,"[4, 9, 14, 17]"
983,"[4, 9, 15]"
984,"[2, 8, 15, 20, 26, 33, 40, 46]"
985,"[1, 5, 10, 14, 18, 22, 27, 30, 34, 38, 43, 47, 51]"
986,"[2, 8, 13, 17, 20, 26]"
987,"[2, 7, 13, 16, 21, 26, 31, 34, 38, 43, 48, 53, 58, 61]"
988,"[4, 10, 15, 19, 23, 27, 32, 37, 41, 47, 53, 56, 60]"
989,"[2, 6]"
990,"[4, 9, 15, 18]"
991,"[2, 6, 10, 15, 19, 25]"
992,"[5, 6, 16, 21, 26, 29]"
993,"[5, 6, 12, 18, 23, 26, 31]"
994,"[1, 5, 10, 15, 19, 24]"
995,"[5, 6, 7, 11, 14, 19, 24, 29, 34]"
996,"[5, 6, 8, 13, 17, 22, 27, 30, 36]"
997,"[5, 6, 8, 12, 17, 22, 25]"
998,"[2, 7, 11, 15, 19, 23, 26, 31, 36, 41]"
999,"[3, 4, 7, 8, 11, 12, 15]"
1000,"[2, 6, 9, 13]"
1001,"[5, 6, 7, 13, 17, 22, 26, 29]"
1002,"[5, 6, 11, 15, 21, 26, 32]"
1003,"[5, 6, 9, 14, 19, 24, 25, 28, 34, 39]"
1004,"[5, 6, 9, 13, 17, 24]"
